Id,Numero,DataAjuizamento,IdClasse,IdAssunto,AnoEleicao
405276941,06000150920206070003,2020-03-2300:00:00.,{279},{11778},2018
405276946,06000027120206070015,2020-01-3017:51:17.,{355},{11778},0
405276949,06000025920206070019,2020-02-0616:00:49.,{355},{11778},0
405277043,00000321520166070010,2016-10-1414:31:09.,{261},{11778},0
405277059,00001783620186070091,2018-06-1816:16:31.,{12553},{11778},0
405277091,00007289120166070999,2016-10-2613:25:00.,{12559},{11778},0
405277104,00000028820186070016,2018-02-0914:57:32.,{261},{11778},0
405277108,00001304020166070999,2016-08-1515:10:33.,{1304},{11778},0
405277120,00000103920166070015,2016-02-2300:00:00.,{1298},{11778},0
405277124,00007894920166070999,2016-11-0420:36:06.,{12559},{11778},0
405277134,00000462320166070002,2016-12-1516:29:07.,{261},{11778},0
405277138,06000042320206070021,2020-01-2800:00:00.,{241},{11778},0
405277156,06000169120206070003,2020-04-1320:07:56.,{355},{11778},0
405277163,00007739520166070999,2016-11-0420:30:58.,{12559},{11778},0
405277171,00000161120186070004,2018-05-0312:34:55.,{12559},{11778},0
405277173,00000710520176070001,2016-08-2613:20:39.,{279},{11472,11778},2010
405277176,00001347720166070999,2016-08-1715:37:59.,{12549},{11778},0
405277184,00002508320166070999,2016-09-0616:48:15.,{12549},{11778},0
405277185,00000458220196070018,2019-06-1217:20:47.,{11528},{11778,11475},0
405277191,00001414020176070092,2017-12-2816:44:13.,{12559},{11778},0
405277192,00000453820166070002,2016-11-0315:23:13.,{261},{11778},0
405277200,00006985620166070999,2016-10-2612:55:10.,{12559},{11778},0
405277203,00000028020166070009,2016-03-0314:20:39.,{261},{11778},0
405277205,06000949420216070021,2021-11-1116:49:58.,{12559},{11778},0
405277206,00000182820166070011,2016-07-0514:17:41.,{261},{11778},0
405277209,06000885320216070000,2021-07-1500:00:00.,{12377},{11778},2020
405277229,00000216820166070015,2016-06-1413:34:33.,{12553},{11778},0
405277235,00007557420166070999,2016-11-0420:24:50.,{12559},{11778},0
405277236,06000416020206070050,2020-03-2800:00:00.,{12553},{11778},0
405277238,00007765020166070999,2016-11-0420:32:04.,{12559},{11778},0
405277251,00002626320176070999,2017-07-2421:24:53.,{12559},{11778},0
405277252,00000098420166070005,2016-02-2214:16:07.,{261},{11778},0
405277259,06001401020226000000,2022-03-3100:00:00.,{12553},{11778},0
405277263,00000358520166070004,2016-06-2918:09:29.,{1116},{11778},0
405277270,00001725520176070999,2017-06-0818:22:32.,{12559},{11778},0
405277277,00000235820186070018,2018-05-2914:05:47.,{12554},{11778},0
405277283,06000160220226070010,2022-03-1819:20:33.,{12560},{11778},2022
405277284,06000968220216070015,2021-08-0300:00:00.,{12560},{11778},0
405277288,00000788120186070091,2018-05-1621:56:00.,{12553},{11778},0
405277289,06000356620216070002,2021-01-2715:04:36.,{355},{11778},0
405277291,06000130620206070014,2020-03-2800:00:00.,{261},{11778},0
405277297,06000041120196070004,2019-09-2600:00:00.,{241},{11778},0
405277298,06002236220216070001,2021-11-0415:49:27.,{310},{3641},2014
405277299,06000328020226070001,2022-03-1800:00:00.,{12560},{11778},2022
405277303,06005527220216000000,2021-11-0900:00:00.,{12552},{11778},0
405277309,00001532320186070091,2018-06-0815:32:21.,{12553},{11778},0
405277310,00000218620166070009,2016-05-2315:52:29.,{172},{11778},0
405277312,06000112720206070017,2020-02-2100:00:00.,{241},{11778},0
405277313,06000352720216070015,2021-02-0800:00:00.,{12553},{11778},0
405277316,00000479220176070092,2017-10-0918:02:02.,{12559},{11778},0
405277321,00000390320186070021,2018-07-1718:26:00.,{241},{11778},0
405277322,00000379120176070013,2017-04-2716:28:47.,{12549},{11778},0
405277331,06000153720196070005,2019-10-0800:00:00.,{12554},{11778},0
405277332,06000824020216070002,2021-08-2400:00:00.,{12553},{11778},0
405277335,06000246820206070003,2020-09-2800:00:00.,{12552},{11778},0
405277337,00002089720176070999,2017-07-0718:54:25.,{12559},{11778},0
405277338,06000067720216070014,2021-02-1918:19:22.,{12552},{11778},0
405277339,06000959120216070017,2021-10-0616:13:42.,{12560},{11778},0
405277343,00000225120196070014,2019-03-1419:17:15.,{11528},{11778},0
405277348,06000182820206070014,2020-08-1315:16:43.,{12552},{11778},0
405277351,00002435720176070999,2017-07-1711:26:16.,{12549},{11778},0
405277374,06001143220206070050,2020-06-1600:00:00.,{12553},{11778},0
405277381,00000768820176070013,2017-07-0613:52:56.,{12549},{11778},0
405277383,06000828020206070000,2020-07-0700:00:00.,{12377},{11778},0
405277386,06000563320216070005,2021-08-0416:25:11.,{12560},{11778},0
405277387,06000570620216070009,2021-10-0500:00:00.,{12560},{11778},0
405277388,00000024820196070018,2019-01-1018:03:02.,{12553},{11778},0
405277389,00000825520176070091,2017-08-1617:48:42.,{12559},{11778},0
405277390,00002208520186070091,2018-12-0319:00:14.,{12553},{11778},0
405277393,00001054120176070013,2017-09-1513:24:02.,{12549},{11778},0
405277394,06002513020216070001,2021-12-0315:33:45.,{261},{11778},0
405277396,00000518220156070001,2015-06-0212:12:10.,{11541},{11778},0
405277399,06000865320216070010,2021-10-0611:57:11.,{12560},{11778},0
405277400,06000554420206070050,2020-06-0119:59:16.,{12562,279},{11778},0
405277406,00000971620176070999,2017-05-1718:58:13.,{12559},{11778},0
405277407,06000113320206070015,2020-07-0800:00:00.,{355},{11778},0
405277412,06000961120206070050,2020-06-0700:00:00.,{12553},{11778},0
405277413,06000606620206070050,2020-06-0700:00:00.,{12553},{11778},0
405277414,00000013120176070019,2017-01-1115:56:08.,{1304},{11778},0
405277415,06000736620216070006,2021-09-1700:00:00.,{12553},{11778},0
405277420,00001093820176070091,2017-08-1813:45:34.,{12559},{11778},0
405277422,06000317620196070009,2019-12-1814:24:26.,{241},{11778},0
405277425,00000353920176070008,2017-05-1600:00:00.,{12549},{11778},0
405277428,06000853520216070021,2021-09-1400:00:00.,{12560},{11778},0
405277432,06001182220206070001,2020-10-0612:25:07.,{261},{11778},0
405277437,00000589120176070005,2017-09-2015:05:23.,{12549},{11778},0
405277441,00000137120196070020,2019-06-1316:21:32.,{11528},{11778},0
405277442,00001474220176070999,2017-05-2619:09:24.,{12559},{11778},0
405277449,00000463220176070020,2017-06-1318:04:25.,{12549},{11778},0
405277452,06000142120206070004,2020-03-3121:39:15.,{355},{11778},0
405277454,00000753020176070005,2017-11-1613:38:28.,{11541},{11778},0
405277457,06000315420206070005,2020-11-1500:00:00.,{12559},{11778},0
405277458,00000169520156070010,2015-06-1011:01:33.,{11541},{11778},0
405277466,00000592020196070001,2019-05-1017:05:07.,{12549},{11778},0
405277470,06000884720216070002,2021-09-1415:04:51.,{12560},{11778},0
405277478,06002244720216070001,2021-11-0416:21:09.,{310},{3655},2014
405277501,06000325820196070010,2019-12-1900:00:00.,{11541},{11778},2018
405277513,00000025120196070017,2019-01-2115:28:08.,{12549},{11778},0
405277520,06000845020206070000,2020-07-0800:00:00.,{12377},{11778},0
405277521,00000821320176070008,2017-09-0500:00:00.,{12549},{11778},0
405277522,06000020720206070004,2020-01-0714:59:45.,{355},{11778},0
405277529,00001177820186070091,2018-05-2821:33:28.,{12553},{11778},0
405277536,06000418320206070010,2020-01-2900:00:00.,{12559},{11778},2016
405277541,00000071020186070017,2019-05-2300:00:00.,{11528},{11778},0
405277543,06000047120206070005,2020-01-2000:00:00.,{12554},{11778},0
405277547,00000396620196070021,2019-08-0617:18:30.,{12553},{11778},0
405277549,06001578520216070000,2021-09-1700:00:00.,{279,1727},{11778},2002
405277555,00000037320176070092,2017-08-0914:10:45.,{12559},{11778},0
405277567,06001065520206070050,2020-06-0700:00:00.,{12553},{11778},0
405277568,06000072620206070005,2020-02-1100:00:00.,{12559},{11778},0
405277575,06000079320206070015,2020-03-1717:58:29.,{355},{11778},2014
405277579,06000045920206070009,2020-01-1414:51:22.,{241},{11778},0
405277582,06000639520216070014,2021-11-2200:00:00.,{12553},{11778},0
405277585,06000132420206070008,2020-09-1713:58:18.,{279},{11778},0
405277587,06000528920206070050,2020-05-0700:00:00.,{12553},{11778},0
405277600,06001226220206070000,2021-08-2200:00:00.,{1307},{11778},0
405277601,00000516220186070006,2018-07-0518:51:20.,{241},{11778},0
405277604,06002009020196070000,2020-04-2014:58:08.,{1307},{11778},0
405277605,00000162920196070019,2019-05-1417:58:49.,{12549},{11778},0
405277606,00002063020176070999,2017-07-0715:05:05.,{12553},{11778},0
405277610,00000078520196070013,2019-03-2014:10:02.,{12549},{11778},0
405277611,06000638320216070018,2021-11-1600:00:00.,{12553},{11778},0
405277612,00000720320176070999,2017-04-2118:09:56.,{12559},{11778},0
405277613,06000065720196070011,2019-09-1817:55:16.,{241},{11778},0
405277617,06000014020216070019,2021-03-2400:47:26.,{12560},{11778},0
405277621,00001290820176070001,2017-11-0314:00:20.,{261},{11778},0
405277623,06000120320206070020,2020-08-2500:00:00.,{1304},{11778},0
405277624,00000402820176070019,2017-06-1218:07:36.,{12549},{11778},0
405277625,06000729620216070001,2021-03-2300:00:00.,{12560},{11778},0
405277626,06002253220216070001,2021-11-0416:50:05.,{310},{3655},2014
405277628,06000892620216070004,2021-09-1615:58:23.,{12552},{11778},0
405277632,00001093020176070999,2017-05-1917:33:21.,{12559},{11778},0
405277633,00000418020176070999,2017-03-2218:59:26.,{12559},{11778},0
405277636,06005795520216000000,2021-11-2900:00:00.,{12552},{11778},0
405277641,06000156720206070016,2020-09-1216:02:43.,{355},{11778},0
405277642,06000024720196070002,2019-10-0213:27:35.,{241},{11778},0
405277644,06000542120216070019,2021-11-1217:44:45.,{12553},{11778},0
405277645,06000264720206070000,2020-03-0400:00:00.,{12553},{11778},2020
405277646,06000788720206070050,2020-06-0700:00:00.,{12553},{11778},0
405277648,00000869220176070091,2017-08-1618:09:22.,{12559},{11778},0
405277649,00000194920176070020,2017-03-2718:08:31.,{12549},{11778},0
405277652,06000363820206070050,2020-03-2300:00:00.,{12552},{11778},0
405277655,00000171820176070008,2017-03-2800:00:00.,{12549},{11778},0
405277656,06001127820216070001,2021-04-2818:31:57.,{355},{11778},0
405277657,06000432920206070018,2020-04-3011:28:41.,{12554},{11778},2020
405277660,06001269620206070001,2020-11-0320:01:20.,{261},{11778},2020
405277661,00000123520186070016,2018-05-0318:29:41.,{12553},{11778},0
405277662,00000038220186070013,2018-02-0813:33:46.,{12549},{11778},0
405277667,06000571420206070050,2020-06-0500:00:00.,{12553},{11778},0
405277668,06000871720216070017,2021-09-1500:00:00.,{12560},{11778},0
405277669,00000060320196070013,2019-02-2818:10:59.,{12549},{11778},0
405277670,00000297120176070092,2017-08-3016:41:27.,{12559},{11778},0
405277672,06000135220196070010,2019-10-0117:55:14.,{355},{11778},0
405277676,00000045520186070017,2020-09-0100:00:00.,{355},{11778},0
405277677,06000966420206070000,2020-07-0600:00:00.,{12377},{11778},0
405277678,06000632120206070050,2020-06-0714:39:30.,{12553},{11778},0
405277680,06000111520206070021,2020-05-1119:33:25.,{12553},{11778},0
405277682,06001048520206070050,2020-06-0700:00:00.,{12553},{11778},0
405277686,06000243520206070014,2020-12-0720:53:01.,{1304},{11778},0
405277687,06000546920216070003,2021-09-1415:43:01.,{12560},{11778},0
405277688,06000236520206070009,2020-01-3114:08:34.,{241},{11778},0
405277691,00000253620196070004,2019-08-1917:44:27.,{12549},{11778},0
405277692,06003543520216000000,2021-09-1700:00:00.,{12552},{11778},0
405277699,06001450520206070001,2020-12-0210:30:39.,{261},{11778},0
405277701,06000861720206070001,2020-07-0200:00:00.,{272},{11778},0
405277704,06000235820216070000,2021-02-1800:00:00.,{12553},{11778},2020
405277707,06000012220206070004,2020-01-0700:00:00.,{241},{11778},0
405277709,06000264420206070001,2020-05-1514:53:48.,{261},{11778},2018
405277718,00000011120196070003,2019-01-2414:04:46.,{12549},{11778},0
405277730,06000018620206070015,2020-01-3000:00:00.,{12559},{11778},0
405277732,06001234720206070000,2021-08-2221:49:22.,{1307},{11778},0
405277733,06000772120216070001,2021-04-1419:03:11.,{355},{11778},0
405277737,06000030420206070000,2020-01-2417:14:18.,{12553},{11778},2018
405277753,06000441420206070018,2020-05-1321:49:12.,{12553},{11778},0
405277757,06001965320196070000,2020-04-2014:45:27.,{1307},{11778},0
405277758,06000054220196070021,2019-10-0115:24:01.,{11528},{11778},0
405277761,06000061120206070015,2020-02-1800:00:00.,{261},{11778},0
405277768,00000326620176070014,2017-05-0315:16:16.,{12549},{11778},0
405277771,06000082320206070001,2020-02-1400:00:00.,{12552},{11778},0
405277776,00000192720176070092,2017-08-2118:46:29.,{12559},{11778},0
405277780,06000013420216070021,2021-01-1100:00:00.,{241},{11778},0
405277782,06001526020216070001,2021-06-3017:36:46.,{12552},{11778},0
405277789,06000128720216070013,2021-04-1320:08:02.,{355},{11778},0
405277808,00002452720176070999,2017-07-1716:10:56.,{12559},{11778},0
405277814,06000667320206070050,2020-06-0700:00:00.,{12553},{11778},0
405277815,00000614620176070005,2017-10-0915:14:41.,{12549},{11778},0
405277816,00000097020196070008,2019-02-1500:00:00.,{12549},{11778},0
405277817,00000245120196070004,2019-07-1714:39:13.,{279},{11778},0
405277830,00000240420176070010,2017-07-0417:48:37.,{12549},{11778},0
405277836,06000211120196070016,2019-10-1616:38:06.,{355},{11778},0
405277838,06000027720206070013,2020-01-1700:00:00.,{12552},{11778},0
405277855,00000573920176070092,2017-10-1818:02:37.,{12559},{11778},0
405277856,06000194320206070004,2020-10-2200:00:00.,{355},{11778},0
405277859,00000272320176070021,2017-05-2613:01:10.,{12553},{11778},0
405277860,00001587920176070091,2017-12-1916:58:52.,{12549},{11778},0
405277861,00000033020196070019,2019-01-2815:24:42.,{12549},{11778},0
405277865,00001336620176070091,2017-08-2512:19:08.,{12553},{11778},0
405277868,06000157020206070015,2020-11-0513:14:24.,{355},{11778},0
405277873,06000759120216070020,2021-07-0714:28:48.,{12553},{11778},0
405277879,06000420720216070019,2021-07-2400:00:00.,{12377},{11778},0
405277880,06000013720216070020,2021-01-1500:00:00.,{12553},{11778},0
405277885,06000303120206070050,2020-03-1300:00:00.,{12549},{11778},0
405277888,00000752920186070091,2018-05-0221:30:55.,{12553},{11778},0
405277890,06000479020206070010,2020-02-1217:39:53.,{241},{11778},0
405277892,06000474420216070014,2021-06-3000:00:00.,{355},{11778},0
405277894,06000054120206070010,2020-01-2314:50:13.,{241},{11778},0
405277896,00001370220156070018,2015-06-1215:23:11.,{11541},{11778},0
405277897,00000675220186070091,2018-04-2522:45:40.,{12553},{11778},0
405277906,06000114520206070011,2020-09-1500:00:00.,{279,1727},{11778},0
405277907,00000727420186070091,2018-04-2719:06:43.,{12553},{11778},0
405277911,00001867820176070016,2017-08-2913:48:53.,{355},{11778},0
405277912,06000046220206070008,2020-02-2600:00:00.,{1304},{11778},0
405277917,00000828520186070005,2018-11-2800:00:00.,{12550},{11778},2018
405277919,00000238420156070011,2015-05-1816:49:33.,{11541},{11778},0
405277920,06000605320196070001,2019-11-1817:42:26.,{355},{11778},0
405277925,00000926520186070091,2018-05-2116:47:55.,{12553},{11778},0
405277929,00000635220186070014,2018-11-0715:10:15.,{12559},{11778},0
405277930,00000994920176070008,2017-11-3000:00:00.,{12549},{11778},0
405277932,00001238520186070091,2018-05-3117:01:53.,{12553},{11778},0
405277933,00000894720176070091,2017-08-1619:13:08.,{12559},{11778},0
405277934,00000585420186070006,2018-07-2516:24:07.,{355},{11778},0
405277939,06000139620216070005,2021-04-1419:42:41.,{355},{11778},0
405277942,00002225520186070091,2018-12-1013:40:36.,{12553},{11778},0
405277943,00000387620176070013,2017-04-2716:30:03.,{12549},{11778},0
405277945,06000011020206070008,2020-01-2811:26:18.,{355},{11778},2016
405277946,00000550920176070015,2017-10-3017:21:41.,{1298},{11778},0
405277948,00000404020176070015,2017-08-2500:00:00.,{12549},{11778},0
405277949,06000207420206070021,2020-11-1000:00:00.,{241},{11778},0
405277955,00001405820176070091,2017-09-1015:27:46.,{12553},{11778},0
405277960,00000728720176070001,2017-06-0512:24:46.,{12549},{11778},0
405277966,06000979320206070050,2020-06-0700:00:00.,{12553},{11778},0
405277967,00001256820176070001,2017-10-3116:18:50.,{12549},{11778},0
405277969,00000312120166070013,2017-08-2400:00:00.,{279},{11778},0
405277970,06000605820216070009,2021-10-0600:00:00.,{12560},{11778},0
405277971,06001037420216070015,2021-09-1313:54:23.,{355},{11778},0
405277973,00000917220176070008,2017-10-2600:00:00.,{12549},{11778},0
405277984,00000391320176070999,2017-03-2122:18:31.,{12559},{11778},0
405277986,06000079620206070014,2020-01-2321:09:18.,{355},{11778},0
405277992,06000360620216070017,2021-02-1000:00:00.,{12553},{11778},0
405277995,00000972420176070091,2017-08-1718:59:14.,{12559},{11778},0
405277996,06000997620216070002,2021-12-0916:33:10.,{355},{11778},0
405277997,00000114920196070005,2019-02-0811:55:22.,{12549},{11778},0
405278003,00000984920176070013,2017-08-2916:40:36.,{12549},{11778},0
405278005,00000410620186070010,2018-12-1715:07:07.,{12562},{11778},0
405278007,06000105420206070013,2020-05-2800:00:00.,{12560},{11778},2020
405278008,00000476120186070091,2018-04-2218:59:48.,{12553},{11778},0
405278013,00000358120176070091,2017-08-1020:51:23.,{12559},{11778},0
405278016,06001190720206070001,2020-10-0615:20:53.,{261},{11778},0
405278019,06000594620216070018,2021-10-1816:09:55.,{355},{11778},2018
405278020,06000974620206070001,2020-08-1400:00:00.,{279},{11778},0
405278021,00002833920176070999,2017-07-2817:52:20.,{12559},{11778},0
405278027,00001039420186070091,2018-05-2319:33:36.,{12553},{11778},0
405278031,00000781820176070091,2017-08-1617:40:56.,{12559},{11778},0
405278042,00000671620186070006,2018-11-0618:37:57.,{12549},{11778},0
405278054,00001131820176070013,2017-11-0814:36:36.,{12549},{11778},0
405278065,00000184520176070091,2017-08-0918:35:09.,{12559},{11778},0
405278066,06006323620216000000,2021-12-0914:20:03.,{12552},{11778},0
405278169,00000021120156070011,2015-02-0616:46:13.,{355},{11778},0
405278184,06001771320206070000,2020-11-2615:25:19.,{261},{11778},2018
405278192,00000972120176070092,2017-12-0416:27:43.,{12559},{11778},0
405278197,00001751020176070999,2017-06-0818:51:38.,{12559},{11778},0
405278199,00001681820176070999,2017-06-0818:12:41.,{12559},{11778},0
405278206,06000519620216070009,2021-09-1514:09:59.,{12560},{11778},0
405278208,00000599120186070021,2018-11-2815:42:35.,{261},{11778},0
405278215,00000036420186070019,2018-01-2415:57:51.,{12549},{11778},0
405278261,00002161620176070016,2017-12-1500:00:00.,{12549},{11778},0
405278264,06000288720206070009,2020-02-1814:25:03.,{241},{11778},0
405278265,00000733620176070013,2017-07-0514:26:34.,{12549},{11778},0
405278313,00000718120176070008,2017-08-2200:00:00.,{12549},{11778},0
405278317,00001024620176070091,2017-08-1719:28:31.,{12559},{11778},0
405278321,00000149320186070019,2018-04-2616:56:30.,{12553},{11778},0
405278323,00001231920176070092,2017-12-2214:24:16.,{12559},{11778},0
405278324,00000470620196070001,2019-03-1813:01:01.,{272},{11778},0
405278326,00000603120176070015,2017-12-1513:47:56.,{261},{11778},0
405278327,00001275120176070999,2017-05-2418:51:13.,{12559},{11778},0
405278333,00001318820176070999,2017-05-2418:57:30.,{12559},{11778},0
405278334,00001474720176070092,2017-12-2817:11:52.,{12559},{11778},0
405278335,00000549020186070014,2018-09-1016:22:57.,{12549},{11778},0
405278343,00000274320186070003,2018-06-1216:44:40.,{12549},{11778},0
405278347,00001197420176070999,2017-05-1918:46:14.,{12559},{11778},0
405278350,00000567920176070019,2017-09-2615:51:23.,{12553},{11778},0
405278353,06000019820206070011,2020-02-2615:17:58.,{12559},{11778},0
405278356,00000283220176070013,2017-04-2715:47:54.,{12549},{11778},0
405278359,00000084020186070002,2018-11-0800:00:00.,{11528},{11778},0
405278360,00000925720176070008,2017-10-2700:00:00.,{12549},{11778},0
405278361,00000012820176070020,2017-02-0316:52:44.,{355},{11778},0
405278364,00000087920196070010,2019-02-2817:26:00.,{12549},{11778},0
405278375,06000383420206070009,2020-02-2815:48:31.,{241},{11778},0
405278390,00000012420186070010,2018-01-1016:43:35.,{12549},{11778},0
405278393,00000062820186070016,2018-03-1612:44:46.,{355},{11778},0
405278419,00003162920176070999,2017-08-0219:03:16.,{12559},{11778},0
405278426,00000799720176070092,2017-10-2714:55:47.,{12559},{11778},0
405278427,00000447020186070006,2018-06-0513:25:33.,{355},{11778},0
405278440,00003076720176070999,2017-08-0216:52:05.,{12559},{11778},0
405278445,00000706820186070006,2018-11-1618:15:56.,{272},{11513},0
405278451,00000550520186070005,2018-08-1613:20:02.,{12559},{11778},0
405278454,00000282920176070014,2017-04-2416:48:11.,{12549},{11778},0
405278455,06000299020206070003,2020-11-2516:43:52.,{355},{11778},0
405278456,00000494720186070021,2018-09-1815:09:52.,{355},{11778},0
405278457,00000747520176070092,2017-10-1818:42:34.,{12559},{11778},0
405278458,00000590920176070092,2017-10-1818:07:39.,{12559},{11778},0
405278466,00000011420156070015,2014-11-2812:11:48.,{261},{11778},0
405278511,00000058020176070015,2017-02-1712:27:01.,{355},{11778},0
405278512,06000415920206070018,2020-04-0200:00:00.,{279},{11778},2014
405278530,06000540720196070014,2019-11-2009:23:32.,{11541},{11778},2018
405278534,00000601620176070020,2017-07-0514:49:48.,{12549},{11778},0
405278539,06000015320196070005,2019-08-2700:00:00.,{12554},{11778},0
405278540,00000431620176070008,2017-06-1200:00:00.,{12549},{11778},0
405278543,06000880220216070017,2021-09-1500:00:00.,{12560},{11778},0
405278547,00000235920176070999,2017-03-1016:15:48.,{12559},{11778},0
405278561,00000480520176070019,2017-08-0317:42:16.,{12549},{11778},0
405278573,00001722920186070091,2018-06-1220:15:48.,{12553},{11778},0
405278591,00000272620176070020,2017-04-2614:33:42.,{12549},{11778},0
405278622,00000577220186070005,2018-08-2114:03:49.,{12559},{11778},0
405278635,00000174420196070009,2019-04-0916:32:06.,{272},{3572},0
405278696,06000565220206070010,2020-04-1318:16:42.,{241},{11778},0
405278714,00000040920196070021,2019-01-2315:17:28.,{12549},{11778},0
405278733,00001803220176070999,2017-06-0819:06:48.,{12559},{11778},0
405278741,06000853520206070000,2020-07-0920:57:31.,{12377},{11778},0
405278787,00000024620176070009,2017-02-0713:37:24.,{261},{11778},0
405278795,00001431020176070092,2017-12-2816:48:38.,{12559},{11778},0
405278808,00000480420186070008,2018-06-0100:00:00.,{12549},{11778},0
405278824,00001376920186070091,2018-06-0518:20:01.,{12553},{11778},0
405278828,06000254720206070005,2020-09-1800:00:00.,{12554},{11778},2020
405278829,00000383620176070091,2017-08-1020:55:49.,{12559},{11778},0
405278831,00000840420176070001,2017-07-1111:44:10.,{12552},{11778},0
405278839,06000210520196070018,2019-12-0917:54:49.,{261},{11778},0
405278843,06000719520206070050,2020-06-0700:00:00.,{12553},{11778},0
405278850,06003117420196070000,2019-11-2700:00:00.,{12552},{11778},0
405278867,00001123120156070004,2015-08-1300:00:00.,{1116},{11778},0
405278948,00000601320176070021,2017-09-1816:44:09.,{12549},{11778},0
405279017,06000179220196070009,2019-11-2015:42:27.,{241},{11778},0
405279133,00000163320176070008,2017-03-1700:00:00.,{12549},{11778},0
405279175,00000020920186070010,2018-01-1815:06:06.,{12562},{11778},0
405279176,00000016320196070018,2018-01-0717:42:20.,{12553},{11778},0
405279196,00002026420186070091,2018-06-2617:05:55.,{12553},{11778},0
405279200,00000397620176070008,2017-06-0100:00:00.,{12549},{11778},0
405279201,00000365820176070999,2017-03-2122:12:46.,{12559},{11778},0
405279202,00000016920196070016,2019-01-0900:00:00.,{12559},{11778},0
405279210,06000090520206070002,2020-03-1200:00:00.,{12560},{11778},0
405279211,00000449820176070008,2017-06-1300:00:00.,{12549},{11778},0
405279214,06000031920216070016,2021-02-1118:21:12.,{355},{11778},2020
405279215,06000334920196070008,2019-12-1600:00:00.,{12559},{11778},0
405279216,00000646420186070005,2018-09-2014:51:32.,{12559},{11778},0
405279225,00000678620176070091,2017-08-1520:14:24.,{12559},{11778},0
405279226,00000519820186070091,2018-04-2219:18:32.,{12553},{11778},0
405279230,00000425220176070001,2017-04-1016:49:03.,{12549},{11778},0
405279231,06000088120206070014,2020-02-1715:27:10.,{355},{11778},0
405279236,00000360920176070013,2017-04-2716:27:01.,{12549},{11778},0
405279240,00000336620176070009,2017-10-1918:37:04.,{12553},{11778},0
405279241,00001523820186070091,2018-06-0815:31:25.,{12553},{11778},0
405279242,06000119320216070016,2021-04-1300:00:00.,{355},{11778},0
405279289,00000016920186070092,2018-01-0417:11:16.,{12549},{11778},0
405279317,00001872420176070999,2017-06-1418:58:33.,{12559},{11778},0
405279345,00001717020176070999,2017-06-0818:19:22.,{12559},{11778},0
405279370,00000010620176070092,2017-08-0818:25:31.,{12559},{11778},0
405279460,00000039220176070021,2017-03-0614:11:42.,{12549},{11778},0
405279496,00001152420176070001,2017-10-0912:26:20.,{12549},{11778},0
405279506,00000015120186070001,2018-01-1717:32:11.,{261},{11778},0
405279517,00000536820186070091,2018-04-2219:22:47.,{12553},{11778},0
405279621,00000404620176070013,2017-04-2716:33:02.,{12549},{11778},0
405279658,00000037820196070003,2019-02-2617:51:11.,{12562},{11778},0
405279736,00000135120176070017,2017-05-1913:35:21.,{279},{11438},0
405279870,00001145720176070092,2017-12-1518:41:19.,{12559},{11778},0
405279875,06000116620206070004,2020-02-1717:55:22.,{355},{11778},0
405279878,06000046820206070006,2020-02-0713:23:48.,{355},{11778},0
405279886,06000929020216070000,2021-07-2000:00:00.,{12377},{11778},0
405279889,00000750620176070013,2017-07-0613:48:17.,{12549},{11778},0
405279891,06001511220206070001,2020-12-1300:00:00.,{1727},{11778},0
405279895,00000282820186070003,2018-06-2517:35:04.,{261},{11778},0
405279905,00000051920176070003,2017-03-1412:17:15.,{12553},{11778},0
405279910,00001584520186070091,2018-06-1118:15:31.,{12553},{11778},0
405279918,00002100920176070016,2017-12-1218:35:06.,{261},{11778},0
405279920,00001258120176070999,2017-05-2418:42:13.,{12559},{11778},0
405279975,00000969420176070008,2017-11-2300:00:00.,{12549},{11778},0
405279993,00000040620186070001,2018-02-0613:33:14.,{12549},{11778},0
405280016,00000013020186070008,2018-01-2200:00:00.,{12549},{11778},0
405280161,00000029320196070003,2019-02-0814:14:46.,{12549},{11778},0
405280321,00000134420186070008,2018-03-0513:38:30.,{279},{11778},0
405280335,00000106420196070005,2019-02-0715:36:24.,{12559},{11778},0
405280340,00000016120176070009,2017-02-0618:11:00.,{261},{11778},0
405280408,06000332220196070017,2019-11-0700:00:00.,{241},{11778},0
405280475,00000277020196070015,2019-07-1718:42:44.,{12559},{11778},0
405280488,06000358920196070017,2019-11-2800:00:00.,{241},{11778},0
405280490,00000021520186070008,2018-01-2300:00:00.,{12549},{11778},0
405280520,00001880920176070999,2017-06-1418:59:50.,{12559},{11778},0
405280547,00000176320186070014,2018-03-2716:55:09.,{12549},{11778},0
405280564,00000027320186070021,2018-01-1717:17:13.,{12549},{11778},0
405280618,06000246320196070016,2019-10-2214:56:13.,{241},{11778},0
405280732,00000045820186070016,2018-02-1500:00:00.,{12549},{11778},0
405280739,00000094920196070015,2018-10-0717:06:14.,{279},{11513},0
405280808,06000133120196070017,2019-09-3000:00:00.,{241},{11778},0
405280809,00000209620196070009,2019-04-2517:41:40.,{12559},{11778},0
405280825,00000017220196070015,2019-01-0800:00:00.,{1298},{11778},0
405280881,00000524920196070091,2019-06-0420:42:49.,{12553},{11778},0
405280885,00000121620196070011,2019-06-1317:16:50.,{12549},{11778},0
405280900,00000021620176070019,2017-01-1117:00:22.,{12559},{11778},0
405281009,06000063920196070017,2019-08-2300:00:00.,{241},{11778},0
405281037,00000025420186070092,2018-01-0515:58:04.,{12549},{11778},0
405281186,00000043920196070011,2019-02-2114:43:41.,{12549},{11778},0
405281239,00000285520186070091,2018-04-1613:00:00.,{12553},{11778},0
405281273,06000116120196070017,2019-09-1200:00:00.,{241},{11778},0
405281374,00000054620186070015,2018-01-2415:35:32.,{279},{11438},0
405281510,00000022320196070091,2019-01-0913:43:30.,{12553},{11778},0
405281620,00000035720196070010,2019-02-0515:44:31.,{12549},{11778},0
405281678,06000176820196070017,2019-10-0400:00:00.,{241},{11778},0
405281827,00000079220176070001,2017-02-1015:02:37.,{12549},{11778},0
405281854,00000227520196070006,2019-04-1016:18:23.,{279},{11778},0
405282115,06000404220226070006,2022-09-2818:41:08.,{12553},{11778},0
405282176,06001115120216070015,2021-09-3008:57:53.,{355},{11778},0
405282211,06000264220196070013,2019-12-0917:30:56.,{11541},{11778},2018
405282309,06000176320226070017,2022-05-2316:01:06.,{261},{11778},0
405282315,06000317420226070008,2022-05-3100:00:00.,{12560},{11778},2022
405282316,06001131320216070050,2021-06-1400:00:00.,{12553},{11778},0
405282318,06000156220206070050,2020-02-1200:00:00.,{12553},{11778},0
405282324,06000563920216070003,2021-10-0512:08:49.,{12560},{11778},0
405282332,06001045120216070050,2021-06-1400:00:00.,{12553},{11778},0
405282333,06000297120226070019,2022-06-0716:04:42.,{12553},{11778},0
405282442,06000192420226070020,2022-06-0715:53:07.,{12553},{11778},0
405282446,06000734120226070003,2022-12-0116:56:24.,{12552},{11778},0
405282605,06000086420236070018,2023-02-0800:00:00.,{279},{11778},2022
405282693,00000293120196070018,2019-04-1016:47:28.,{12549},{11778},0
405282762,06000309520226070006,2022-06-2315:06:45.,{12553},{11778},0
405282809,06000682520226070001,2022-05-1216:23:52.,{1727},{3555},2010
405282830,06000791220226070015,2022-09-2000:00:00.,{12553},{11778},0
405282836,06000579120216070013,2021-09-1516:59:05.,{12560},{11778},0
405282867,06000681920226070003,2022-11-1817:09:03.,{12552},{11778},0
405282940,06001721520226000000,2022-04-2716:03:35.,{12552},{11778},0
405282997,00000151820176070018,2017-03-2016:56:50.,{12549},{11778},0
405283089,06001356120206070000,2021-08-2221:35:48.,{1307},{11778},0
405283109,06000715420216070020,2021-05-2013:38:41.,{12557},{11778},0
405283124,06000038520226070015,2022-02-1800:00:00.,{12553},{11778},0
405283273,00000110520176070010,2017-05-0814:18:23.,{279},{11778},0
405283300,00000108520156070011,2015-05-1200:00:00.,{11541,156},{11778},2014
405283316,06001035120236070000,2023-03-0919:04:32.,{12553},{11778},0
405283319,06000544120226070001,2022-05-1215:13:28.,{279,1727},{3555},2010
405283386,06000411120236070000,2023-02-0815:33:16.,{12553},{11778},0
405283460,06000360520226070006,2022-09-2816:31:24.,{12553},{11778},2022
405283536,00000027820196070008,2019-01-1614:31:59.,{11528},{11778},0
405283687,06000106920206070008,2020-06-2400:00:00.,{12377},{11778},0
405283829,06000185120226070016,2022-08-3118:35:45.,{12553},{11778},2022
405283835,06001736820236070000,2023-03-3115:19:58.,{261},{11778},2022
405283843,06000601720236070000,2023-02-0611:38:05.,{261},{11778},2022
405283844,06002013620236070000,2023-04-2410:00:17.,{261},{11778},0
405283895,00000148820166070011,2016-06-2814:36:04.,{1116},{11778},0
405283971,06001125720236070050,2023-03-1515:09:36.,{12553},{11778},0
405283974,06000264920226070009,2022-06-1020:39:40.,{355},{11778},0
405284125,06002622320226000000,2022-05-2313:21:11.,{12552},{11778},0
405284261,06011405020226070000,2022-08-1200:00:00.,{11532},{11778},2022
405284406,06001903620226000000,2022-04-2716:30:52.,{12552},{11778},0
405284474,06000857420236070050,2023-03-1414:03:37.,{12553},{11778},0
405284552,06000307320196070015,2019-10-2516:59:31.,{11528},{11778},0
405284656,06001156220236070001,2023-03-0508:18:04.,{1727},{3628},0
405285395,06012548620226070000,2022-08-1300:00:00.,{11532},{11778},2022
405285510,06014895320226070000,2022-09-0600:00:00.,{11541},{11778},0
405285524,06032502220226070000,2022-10-3014:38:34.,{12561},{11778},0
405285740,06012972320226070000,2022-08-1500:00:00.,{11532},{11778},2022
405285744,06002630820226000000,2022-05-1921:56:00.,{12552},{11778},0
405285766,06018689120226070000,2022-09-1300:00:00.,{12193},{11778},2022
405285970,06006372920226070000,2022-08-0800:00:00.,{11532},{11778},2022
405286044,06008711120226070000,2022-08-1000:00:00.,{11532},{11778},2022
405286187,06017866020226070000,2022-09-1200:00:00.,{11532},{11778},2022
405286296,06013994520226070000,2022-08-1500:00:00.,{11532},{11778},2022
405286372,06000040620226070004,2022-03-1000:00:00.,{12559},{11778},0
405286408,06012781720226070000,2022-08-1300:00:00.,{11532},{11778},2022
405286786,06006364420226070000,2022-08-0800:00:00.,{11532},{11778},2022
405286798,06017926720226070000,2022-09-1219:11:00.,{12193},{11778},2022
405286851,06009707820226070000,2022-08-1211:39:58.,{11532},{11778},2022
405286852,06026430920226070000,2022-10-0320:17:05.,{12561},{11778},0
405286853,06006615720226070000,2022-08-0817:40:05.,{11532},{11778},2022
405286865,06014124420226070000,2022-08-1900:00:00.,{11532},{11778},2022
405286893,06008036120226070000,2022-08-0900:00:00.,{11532},{11778},2022
405287084,06017883020226070000,2022-09-1200:00:00.,{12561},{11778},0
405287294,06001064520196070000,2019-03-2100:00:00.,{11548},{11778},0
405287474,06003731720196070000,2019-12-1815:05:15.,{1338},{11778},2018
405287548,06003498620196070000,2019-11-0511:59:54.,{1338},{11778},2018
405287566,06019324320186070000,2018-09-1200:00:00.,{11531},{11778},2018
405287598,06000232320196070002,2019-11-2700:00:00.,{12552},{11778},0
405287640,06000585220206070000,2020-06-0500:00:00.,{12553},{11778},0
405287657,06002095220196070000,2019-05-1700:00:00.,{1307},{11778},0
405287692,06020675520186070000,2018-09-1200:00:00.,{11531},{11778},2018
405287742,06027880720186070000,2018-09-1700:00:00.,{11531},{11778},2018
405287760,06025334920186070000,2018-09-1400:00:00.,{11531},{11778},2018
405287767,06000168020196070018,2019-11-1122:22:55.,{12559},{11778},0
405287768,06003082220196070000,2019-08-2800:00:00.,{1338},{11778},2018
405287775,06002086720196070000,2019-05-1700:00:00.,{1307},{11778},0
405287792,06003429420196070000,2019-10-2400:00:00.,{279},{11778},2018
405287794,06026902220186070000,2018-09-1400:00:00.,{11531},{11778},2018
405287812,06000824620216070000,2021-07-0116:33:15.,{12377},{11778},2020
405287815,06002866120196070000,2019-07-3014:08:20.,{12559},{11778},2018
405287864,06031146420186070000,2018-11-2118:01:58.,{12193},{11778},2018
405287868,06001047520196070000,2019-03-2100:00:00.,{11548},{11778},0
405287884,06019168920186070000,2018-09-1200:00:00.,{11531,156},{11778},2018
405287934,06002009020196070000,2019-05-1700:00:00.,{1307},{11778},0
405287942,06028123520186070000,2018-09-1700:00:00.,{11531,156},{11778},2018
405287993,06021827620186070000,2018-09-1300:00:00.,{11531},{11778},2018
405288002,06000091120206070000,2020-01-3115:09:22.,{1338},{11778},0
405288020,06003714720196070000,2019-12-1700:00:00.,{120},{11778},2010
405288030,06027222720186070000,2018-09-1400:00:00.,{11531},{11778},2018
405288033,06028617620186070000,2018-09-2010:06:53.,{11531},{11778},2018
405288035,06018691820186070000,2018-09-1100:00:00.,{11531},{11778},2018
405288066,06020943820186070000,2018-09-1301:51:56.,{11531},{11778},2018
405288074,06017453520186070000,2018-09-1018:00:10.,{11531},{11778},2018
405288075,06001942020186070000,2018-04-3015:56:56.,{11531},{11778},0
405288082,06017176720186070000,2018-09-0900:00:00.,{11531},{11778},2018
405288090,00000571120196070014,2021-05-2723:19:30.,{1343},{11778},0
405288093,06003117420196070000,2019-09-0216:33:42.,{12552},{11778},0
405288094,06020294320186070000,2018-09-1200:00:00.,{11531},{11778},2018
405288105,06024859020186070000,2018-09-1400:00:00.,{11531},{11778},2018
405288106,06001483120186070000,2018-04-0400:00:00.,{11541},{11778},2018
405288123,06019229620186070000,2018-09-1200:00:00.,{11531},{11778},2018
405288125,06001587520186070000,2018-04-1100:00:00.,{1298},{11778},0
405288139,06029717520186070000,2018-10-0300:00:00.,{11531},{11778},2018
405288147,06019584120186070000,2018-09-1200:00:00.,{11531},{11778},2018
405288154,06020631820186070000,2018-09-1200:00:00.,{11531},{11778},2018
405288156,06030912120186070000,2018-11-0914:10:07.,{11531},{11778},2018
405288162,06003576320196070000,2019-11-1300:00:00.,{279},{11778},2018
405288169,06002808820186070000,2018-07-1013:51:02.,{1338},{11778},0
405288173,06002080420186070000,2018-04-3023:36:22.,{11531},{11778},0
405288178,06000280820206070003,2020-11-2500:00:00.,{12552},{11778},0
405288197,06019368020186070000,2018-09-1200:00:00.,{11531},{11778},2018
405288201,06026859720186070000,2018-09-1400:00:00.,{11531,156},{11778},2018
405288215,06001863820216070000,2021-11-0400:00:00.,{12553},{11778},0
405288217,06018796220186070000,2018-09-1122:40:37.,{11531},{11778},2018
405288235,06026650920186070000,2018-09-1401:05:29.,{11531,156},{11778},2018
405288254,06021524120186070000,2018-09-1300:00:00.,{11531},{11778},2018
405288258,06027084320186070000,2018-09-1400:00:00.,{11531},{11778},2018
405288260,06019073020186070000,2018-09-1100:00:00.,{11531},{11778},2018
405288290,06023706920186070000,2018-09-1300:00:00.,{11531},{11778},2018
405288296,06022580320186070000,2018-09-1323:20:42.,{11531,156},{11778},2018
405288299,06020398720186070000,2018-09-1221:38:16.,{11531},{11778},2018
405288313,06024538520186070000,2018-09-1400:11:04.,{11531},{11778},2018
405288320,06030999520186070000,2018-11-1200:00:00.,{11531},{11778},2018
405288373,06032202620186070000,2018-12-1718:50:16.,{11531},{11778},2018
405288383,06032177120186070000,2018-12-1300:00:00.,{11531},{11778},2018
405288396,06019272120186070000,2018-09-1200:00:00.,{11531},{11778},2018
405288400,06020009020186070000,2018-09-1200:00:00.,{11531},{11778},2018
405288406,06019341320186070000,2018-09-1210:05:40.,{11531},{11778},2018
405288408,06017289620186070000,2018-09-1000:00:00.,{11531},{11778},2018
405288426,06026070620186070000,2018-09-1400:00:00.,{11531},{11778},2018
405288446,06026321920186070000,2018-09-1400:00:00.,{11531},{11778},2018
405288448,06019185920186070000,2018-09-1200:00:00.,{11531},{11778},2018
405288453,06024997420186070000,2018-09-1400:00:00.,{11531},{11778},2018
405288464,06002078220196070000,2019-05-1700:00:00.,{1307},{11778},0
405288467,06025309420186070000,2018-09-1400:00:00.,{11531},{11778},2018
405288468,06022182120186070000,2018-09-1300:00:00.,{11531},{11778},2018
405288470,06020441220186070000,2018-09-1200:00:00.,{11531},{11778},2018
405288490,06019255120186070000,2018-09-1200:00:00.,{11531},{11778},2018
405288491,06018657820186070000,2018-09-1100:00:00.,{11531},{11778},2018
405288494,06031345520186070000,2018-11-2300:00:00.,{11531},{11778},2018
405288498,06026928920186070000,2018-09-1400:00:00.,{11531},{11778},2018
405288504,06002739620186070000,2018-07-0500:00:00.,{11531},{11778},0
405288513,06027647620186070000,2018-09-1700:00:00.,{11531},{11778},2018
405288522,06025395620186070000,2018-09-1400:00:00.,{11531},{11778},2018
405288545,06017661120186070000,2018-09-1100:00:00.,{11531},{11778},2018
405288566,06017627120186070000,2018-09-1118:21:34.,{11531},{11778},2018
405288576,06025733120186070000,2018-09-1400:00:00.,{11531},{11778},2018
405288585,06020017520186070000,2018-09-1200:00:00.,{11531},{11778},2018
405288589,06020199620186070000,2018-09-1200:00:00.,{11531},{11778},2018
405288595,06019506420186070000,2018-09-1200:00:00.,{11531},{11778},2018
405288606,06028192720186070000,2018-09-1800:00:00.,{11531},{11778},2018
405288615,06022286520186070000,2018-09-1300:00:00.,{11531},{11778},2018
405288641,06020935320186070000,2018-09-1300:00:00.,{11531},{11778},2018
405288652,06018882420186070000,2018-09-1123:06:31.,{11531},{11778},2018
405288677,06000854020176070000,2017-07-2700:00:00.,{11531},{11778},0
405288686,00001370220156070018,2015-06-1215:23:11.,{11548},{11701},0
405288710,06031431720186070000,2018-11-2600:00:00.,{11531},{11778},2018
405288715,06026686120186070000,2018-09-1400:00:00.,{11531},{11778},2018
405288719,06014271320226070000,2022-08-2316:51:33.,{11551},{11778},2022
405288727,06024044420186070000,2018-09-1323:55:55.,{11531,156},{11778},2018
405288728,00000364820176070000,2017-10-0500:00:00.,{1727},{11778},0
405288737,06017488720186070000,2018-09-1000:00:00.,{11531},{11778},2018
405288739,00000800420166070000,2016-05-1300:00:00.,{12377,156},{11778},0
405288749,06000187520176070000,2017-04-2016:45:58.,{11531},{11778},0
405288764,06000611220176070000,2017-05-1600:00:00.,{11536},{11778},0
405288767,06018069020186070000,2018-09-1100:00:00.,{11531},{11778},2018
405288791,00000238420156070011,2015-05-1816:49:33.,{11548},{11701},0
405288801,06018008320186070000,2018-09-1119:22:38.,{11531},{11778},2018
405288815,06019177420186070000,2018-09-1200:00:00.,{11531},{11778},2018
405288818,06025022920186070000,2018-09-1400:00:00.,{11531},{11778},2018
405288827,06020545620186070000,2018-09-1200:00:00.,{11531},{11778},2018
405288830,06021783920186070000,2018-09-1300:00:00.,{11531},{11778},2018
405288834,06002306220186070000,2018-05-2300:00:00.,{11531},{11778},0
405288839,06018553420186070000,2018-09-1121:26:18.,{11531},{11778},2018
405288840,06018224420186070000,2018-09-1100:00:00.,{11531},{11778},2018
405288851,06021247320186070000,2018-09-1300:00:00.,{11531},{11778},2018
405288854,06022225820186070000,2018-09-1300:00:00.,{11531},{11778},2018
405288857,06026669120186070000,2018-09-1400:00:00.,{11531},{11778},2018
405288860,00001632020166070000,2016-11-2100:00:00.,{11531},{11778},0
405288861,06021004520186070000,2018-09-1300:00:00.,{11531},{11778},2018
405288864,00000515120166070000,2016-05-0213:55:13.,{11531},{11778},0
405288865,06018779220186070000,2018-09-1100:00:00.,{11531},{11778},2018
405288866,06032280320186070000,2018-12-2100:00:00.,{241,11533},{11778},2018
405288875,06017392820186070000,2018-09-1000:00:00.,{11531},{11778},2018
405288876,06023082920186070000,2018-09-1300:00:00.,{11531},{11778},2018
405288885,06018519420186070000,2018-09-1100:00:00.,{11531},{11778},2018
405288892,06022502620186070000,2018-09-1300:00:00.,{11531},{11778},2018
405288912,06030679020186070000,2018-11-0600:00:00.,{11531},{11778},2018
405288916,06021394220186070000,2018-09-1300:00:00.,{11531},{11778},2018
405288922,00017686920146070000,2014-09-1913:21:44.,{11544},{11778},0
405288925,06000179020176070000,2017-04-1800:00:00.,{11531},{11778},0
405288948,06021800920186070000,2018-09-1300:00:00.,{11531},{11778},2018
405288951,06021819120186070000,2018-09-1300:00:00.,{11531},{11778},2018
405288956,06017618620186070000,2018-09-1118:21:11.,{11531},{11778},2018
405288957,00000247220156070010,2015-06-0915:10:08.,{11548},{11701},0
405288961,06031873620186070000,2018-12-0500:00:00.,{11531},{11778},2018
405288962,06000066120176070000,2017-03-2200:00:00.,{11536},{11778},0
405288963,06025741620186070000,2018-09-1400:40:40.,{11531},{11778},2018
405288966,06022823120186070000,2018-09-1300:00:00.,{11531},{11778},2018
405288970,06026954420186070000,2018-09-1401:26:52.,{11531},{11778},2018
405288974,06030643820186070000,2018-11-0600:00:00.,{11531},{11778},2018
405288986,06020606320186070000,2018-09-1200:00:00.,{11531},{11778},2018
405288993,06024867520186070000,2018-09-1400:00:00.,{11531},{11778},2018
405288994,06000732620176070000,2017-06-1300:00:00.,{11531},{11778},0
405288998,06019540420186070000,2018-09-1211:55:13.,{11531},{11778},2018
405288999,06030895120186070000,2018-11-0900:00:00.,{11531},{11778},2018
405289004,06023897520186070000,2018-09-1323:55:10.,{11531},{11778},2018
405289008,06022251320186070000,2018-09-1300:00:00.,{11531},{11778},2018
405289020,00001432920166070000,2016-11-0715:08:02.,{12193},{11778},0
405289022,06018527920186070000,2018-09-1100:00:00.,{11531},{11778},2018
405289034,06019142220186070000,2018-09-1100:00:00.,{11531},{11778},2018
405289039,06021134420186070000,2018-09-1300:00:00.,{11531},{11778},2018
405289047,00000793820156070005,2015-06-0217:15:43.,{11548},{11700,11701},0
405289048,06029933620186070000,2018-10-0911:50:24.,{11531},{11778},2018
405289050,00028296220146070000,2014-10-2316:21:11.,{11531,156},{11778},0
405289055,06022554820186070000,2018-09-1300:00:00.,{11531},{11778},2018
405289057,06026122820186070000,2018-09-1400:00:00.,{11531},{11778},2018
405289063,00001407420166070000,2016-11-0314:52:33.,{11531},{11778},0
405289064,00000361620156070001,2015-05-2617:37:41.,{11548},{11701},0
405289065,00000204420156070007,2015-05-2114:57:35.,{11548},{11701},0
405289067,06028167220186070000,2018-09-1800:00:00.,{11531},{11778},2018
405289069,06014627020226070000,2022-09-0114:58:11.,{11551},{11778},2022
405289070,00000255420156070011,2015-05-1816:49:33.,{11548},{11701},0
405289071,06018172220186070000,2018-09-1100:00:00.,{11531},{11778},2018
405289073,06020562620186070000,2018-09-1223:00:04.,{11531},{11778},2018
405289080,00000090320156070011,2015-05-1214:09:58.,{11548},{11700,11701},0
405289087,06024000720186070000,2018-09-1323:55:41.,{11531},{11778},2018
405289090,06020250620186070000,2018-09-1200:00:00.,{11531},{11778},2018
405289098,06025205020186070000,2018-09-1400:00:00.,{11531},{11778},2018
405289100,06019133720186070000,2018-09-1100:00:00.,{11531},{11778},2018
405289106,06016596420186070000,2018-08-3100:00:00.,{11541},{11778},2018
405289115,06000160820176070000,2017-04-1100:00:00.,{1298},{11778},0
405289122,06017210720186070000,2018-09-1000:00:00.,{11531},{11778},2018
405289126,06023411920186070000,2018-09-1323:40:48.,{11531},{11778},2018
405289129,06020268820186070000,2018-09-1200:00:00.,{11531},{11778},2018
405289130,06023853820186070000,2018-09-1300:00:00.,{11531},{11778},2018
405289134,06030696020186070000,2018-11-0600:00:00.,{11531},{11778},2018
405289141,06018752520186070000,2018-09-1100:00:00.,{11531},{11778},2018
405289144,00000454420166070000,2016-04-2517:08:24.,{11531},{11778},0
405289152,00001427820156070000,2015-10-2014:55:02.,{1298},{11778},0
405289154,06022468620186070000,2018-09-1321:31:14.,{11531},{11778},2018
405289161,00001522520156070000,2015-11-0616:28:52.,{1298},{11778},0
405289163,06017744620226070000,2022-09-1218:10:59.,{12193},{11778},2022
405289164,06021559320186070000,2018-09-1300:00:00.,{11531},{11778},2018
405289168,06022854420226070000,2022-09-1323:23:22.,{12193},{11778},2022
405289173,00000600220156070015,2016-05-1200:00:00.,{11548},{11778},0
405289175,06000248220176070000,2017-04-2717:06:48.,{11531},{11778},0
405289184,06022762420186070000,2018-09-1300:00:00.,{11531},{11778},2018
405289186,00000244820156070018,2015-04-1013:16:10.,{11548},{10745},0
405289192,06017679320186070000,2018-09-1100:00:00.,{11531},{11778},2018
405289193,06026244220186070000,2018-09-1400:55:19.,{11531},{11778},2018
405289197,06017981620186070000,2018-09-1100:00:00.,{11531},{11778},2018
405289204,06019722520186070000,2018-09-1200:00:00.,{11531},{11778},2018
405289209,06023187320186070000,2018-09-1300:00:00.,{11531},{11778},2018
405289213,06019099720186070000,2018-09-1100:00:00.,{11531},{11778},2018
405289218,06021238820186070000,2018-09-1300:00:00.,{11531},{11778},2018
405289220,00000982520166070000,2016-06-0815:30:05.,{11531},{11778},0
405289223,00000186520156070010,2016-07-0418:40:31.,{11548},{11778},0
405289228,06026097320186070000,2018-09-1400:00:00.,{11531},{11778},2018
405289233,06020658520186070000,2018-09-1200:00:00.,{11531},{11778},2018
405289323,06019896120186070000,2018-09-1200:00:00.,{11531},{11778},2018
405289328,06020510420186070000,2018-09-1200:00:00.,{11531},{11778},2018
405289342,06021601820186070000,2018-09-1300:00:00.,{11531},{11778},2018
405289348,06031362520186070000,2018-11-2300:00:00.,{11531},{11778},2018
405289351,06022988220186070000,2018-09-1323:30:54.,{11531},{11778},2018
405289366,00016396420146070000,2014-09-0312:58:43.,{11544},{11778},0
405289367,06019294920226070000,2022-09-1312:32:08.,{12193},{11778},2022
405289368,00000139120166070015,2016-03-1515:55:24.,{11548},{11731},0
405289379,06031085720186070000,2018-11-2100:00:00.,{11527},{11778},2018
405289400,06029665320186070000,2018-10-0317:37:24.,{1298},{11778},0
405289406,06001254620226070000,2022-03-2517:54:08.,{11551},{11778},2022
405289432,06018440520186070000,2018-09-1120:56:20.,{11531},{11778},2018
405289438,00000518220156070001,2015-05-2617:30:18.,{11548},{11778},0
405289467,06000342920176070000,2017-05-0200:00:00.,{11531},{11778},0
405289494,06000602720176070000,2017-05-1523:00:25.,{11531},{11778},0
405289590,06000680420176070000,2017-06-0100:00:00.,{1298},{11778},0
405289595,06000412120176070000,2017-05-0200:00:00.,{11531},{11778},0
405289628,06000724120176070000,2017-06-0600:00:00.,{11531},{11778},0
405289725,06000715620176070000,2017-06-0600:00:00.,{11531},{11778},0
405289767,06021905320186070000,2018-09-1300:00:00.,{11531},{11778},2018
405289814,00001189320156070018,2015-06-1215:23:11.,{11548},{11701},0
405289830,06018819020226070000,2022-09-1310:02:24.,{12193},{11778},2022
405289880,06020051520186070000,2018-09-1200:00:00.,{11531},{11778},2018
405289883,00001303720156070009,2015-06-1117:17:42.,{11548},{11701},0
405289887,06018856920186070000,2018-09-1100:00:00.,{11531},{11778},2018
405289892,06000871020176070000,2017-08-1817:27:21.,{11531},{11778},0
405289895,06016982220226070000,2022-09-1214:31:06.,{12193},{11778},2022
405289897,06000204520176070000,2017-04-2500:00:00.,{11531},{11778},0
405289926,00001115820156070000,2015-06-2614:26:01.,{1298},{11778},0
405289959,00000950720156070000,2015-05-1500:00:00.,{11531},{11778},0
405289966,00000443020146070000,2014-03-2614:46:34.,{1298},{11778},0
405290036,06020801520226070000,2022-09-1318:41:06.,{12193},{11778},2022
405290093,06000833120216070000,2021-07-2013:23:47.,{12377},{11778},2020
405290185,06015094420226070000,2022-09-0910:21:13.,{12193},{11778},2022
405290251,06001606920236070000,2023-03-2300:00:00.,{12553},{11778},0
405290300,00000473320156070005,2015-05-2717:40:45.,{11548},{11700},0
405290314,06005372120226070050,2023-03-3000:00:00.,{12552},{11778},0
405290596,06000108220236070002,2023-08-0117:43:02.,{12553},{11778},0
405290954,06005196320236070050,2023-09-1800:00:00.,{12552},{11778},0
405291020,06017675420226070000,2022-09-1217:40:58.,{12193,156},{11778},2022
405291146,06004737420236070050,2023-08-1613:00:09.,{12553},{11778},0
405291494,06019087320226070000,2022-09-1311:22:32.,{12193},{11778},2022
405291515,06000070620236070010,2023-04-1715:49:58.,{12559},{11778},0
405291786,06002347020236070050,2023-03-2811:36:13.,{12553},{11778},0
405291990,06000884120216070004,2021-09-1416:22:06.,{12560},{11778},0
405292155,06005001320236070000,2023-10-3013:23:47.,{12553},{11778},0
405292265,06023832920226070000,2022-09-1600:00:00.,{12193,156},{11778},2022
405292773,06000192320236070009,2023-11-2307:23:52.,{355},{11778},0
405293047,06000215720236070020,2023-11-1700:00:00.,{11541},{11778},2022
405293061,06000374720236070008,2023-12-1215:19:51.,{12552},{11778},0
557135412,06001777320216070001,2021-08-2414:02:27.,{261},{11778},0
557135414,06004164620226070000,2022-07-2609:25:23.,{241},{11778},2022
557135417,06032996320226070000,2022-11-0400:04:57.,{12193,156},{11778},2022
557135419,06000536420196070000,2019-02-1215:19:50.,{1298},{11778},0
557135420,06000949120206070001,2021-12-1217:34:03.,{1727},{3628},2014
557135421,06001647720216070000,2021-09-2100:00:00.,{1727},{3555},0
557135422,06001895620226070000,2022-04-2917:58:39.,{1727},{11778},2010
557135423,06031515220226070000,2022-10-2517:58:50.,{12561},{11778},0
557135424,06031965620226070000,2022-10-2908:01:35.,{12561},{11778},0
557135425,06032277620226070000,2022-10-3011:22:08.,{12561},{11778},0
557135426,06032701320226070000,2022-10-3116:37:21.,{12561},{11778},0
557189076,06000351420246070050,2024-01-1216:35:37.,{12552},{11778},0
579799855,06000170520226070004,2022-05-1714:27:35.,{1727},{3555},2010
579799858,06000215520216070011,2021-04-1200:00:00.,{279},{11778},2014
579799862,06000936920216070002,2021-10-0500:00:00.,{12560},{11778},0
579799871,06001733620216070001,2021-08-1916:56:02.,{11528},{11778},0
580904578,06000049020246070018,2024-02-0917:10:26.,{355},{11778},0
580904581,06000074520246070018,2024-02-2111:38:15.,{355},{11778},0
580904583,06000594220246070050,2024-02-0800:00:00.,{12553},{11778},0
580904588,06000057520246070018,2024-02-0917:11:40.,{355},{11778},0
580904595,06000067520246070013,2024-02-2016:12:58.,{12552},{11778},0
587023880,06000793320246070050,2024-03-0115:13:53.,{12552},{11778},0
587023893,06000042320246070008,2024-03-2100:00:00.,{355},{11778},0
587024039,06000729420246070000,2024-03-2500:00:00.,{12553},{11778},0
616107619,06000807120246070000,2024-04-0316:11:54.,{261},{11778},0
616107789,06001729320246070050,2024-04-2300:00:00.,{1304},{11778},0
631504343,06020732320226070000,2022-09-1318:22:42.,{12193,156},{11778},2022
634916725,06001555720246070050,2024-03-2100:00:00.,{12559},{11778},0
635742376,06000050220246070010,2024-05-1400:00:00.,{12553},{11778},2024
635742377,06000057820246070017,2024-05-1317:28:51.,{12552},{11778},0
635742378,06000082720246070019,2024-05-1000:00:00.,{12553},{11778},0
635742380,06000111520246070008,2024-05-0300:00:00.,{12559},{11778},0
635742381,06000136120246070015,2024-05-1500:00:00.,{12553},{11778},2024
635742383,06000096320246070002,2024-05-0613:43:49.,{355},{11778},0
635742384,06000127620246070015,2024-05-1000:00:00.,{12553},{11778},2024
635742385,06000082120246070021,2024-05-0310:10:23.,{11528},{11778},0
635742386,06000139420246070004,2024-05-0912:43:00.,{12552},{11778},0
635742387,06000129720246070008,2024-05-0500:00:00.,{355},{11778},0
635742388,06000100320246070017,2024-05-0814:26:25.,{12552},{11778},0
635742389,06000086620246070006,2024-05-1500:00:00.,{12560},{11778},0
635742390,06000109420246070019,2024-05-1317:28:29.,{12553},{11778},0
635742391,06000127020246070017,2024-05-1514:08:32.,{12552},{11778},0
635742392,06000121820246070002,2024-05-1517:32:33.,{12559},{11778},0
635742393,06000187720246070017,2024-05-1500:00:00.,{12552},{11778},0
635742394,06000130320246070002,2024-05-1617:49:09.,{12559},{11778},0
635742395,06000118520246070017,2024-05-1500:00:00.,{12552},{11778},0
635742397,06000091820246070017,2024-05-0616:18:36.,{12552},{11778},0
635742398,06000214420246070013,2024-05-1500:00:00.,{12559},{11778},0
635742400,06000230220246070017,2024-05-2000:00:00.,{12552},{11778},0
635742402,06000090620246070021,2024-05-2900:00:00.,{261},{11778},0
635742403,06000228420236070006,2024-05-2114:47:03.,{12552},{11778},2022
635742404,06000077220246070009,2024-05-2016:46:29.,{12553},{11778},0
635742405,06000214420246070013,2024-05-1000:00:00.,{12559},{11778},0
635742407,06000196220246070017,2024-05-1500:00:00.,{12552},{11778},0
635742408,06000161020246070017,2024-05-1500:00:00.,{12552},{11778},0
635742409,06000231420246070013,2024-05-2100:00:00.,{355},{11778},2024
635742410,06000152520246070017,2024-05-1500:00:00.,{12552},{11778},0
635742411,06000068420246070010,2024-05-1700:00:00.,{355},{11778},0
635742412,06000232020246070011,2024-05-0917:58:32.,{12552},{11778},0
635742413,06000204720246070017,2024-05-1500:00:00.,{12552},{11778},0
635742414,06000240520246070011,2024-05-0713:49:00.,{12553},{11778},0
635742415,06000222920246070013,2024-05-1600:00:00.,{12553},{11778},0
635742416,06000146720246070008,2024-05-1416:24:07.,{12553},{11778},0
635742417,06000104820246070002,2024-05-1013:58:45.,{12559},{11778},0
635742418,06000156120246070005,2024-05-2200:00:00.,{12559},{11778},0
635742419,06000213220246070017,2024-05-1500:00:00.,{12552},{11778},0
635742421,06000147620246070005,2024-05-0916:02:19.,{12559},{11778},0
635742423,06000179220246070017,2024-05-1500:00:00.,{12552},{11778},0
635742424,06000221420246070018,2024-05-0915:49:15.,{355},{11778},0
635742425,06000221720246070017,2024-05-1500:00:00.,{12552},{11778},0
635742426,06000258720246070011,2024-05-1010:56:36.,{355},{11778},0
635742427,06000275720246070011,2024-05-2210:02:57.,{355},{11778},2022
635742428,06000267220246070011,2024-05-1614:08:48.,{279},{11778},2022
635742429,06000425620246070001,2024-05-1500:00:00.,{319},{11778},0
635742430,06000442620246070001,2024-05-1600:00:00.,{279},{3628},0
635742431,06000284220246070011,2024-05-2200:00:00.,{355},{11778},0
635742434,06000434120246070001,2024-05-1510:38:27.,{310},{3628,3555},0
635742442,06001945420246070050,2024-05-0200:00:00.,{12553},{11778},0
635742446,06001040220246070000,2024-05-0200:00:00.,{261},{11778},2022
635742449,06003595220246000000,2024-05-2014:44:34.,{12552},{11778},0
635742463,06002092320246070050,2024-05-1517:03:18.,{12549},{11778},0
635742471,06001230820246070000,2024-05-1715:26:10.,{12553},{11778},0
635742475,06003214020246000000,2024-05-1514:54:44.,{12552},{11778},0
635742500,06003249220246000000,2024-05-1514:51:07.,{12552},{11778},0
635742513,06002075320246070050,2024-05-1400:00:00.,{12549},{11778},0
635742522,06000155220246070008,2024-05-1518:16:41.,{12553},{11778},0
638632711,00000016520166070019,2016-03-0911:28:18.,{279},{11778},0
638632712,00000029620156070015,2015-01-0817:52:27.,{11528},{11778},0
638632713,00000017320176070005,2016-12-0115:27:57.,{11531},{11778},0
638632714,00000020620186070011,2018-01-1616:36:56.,{241},{11778},0
638632716,00000023220156070004,2015-02-1210:00:18.,{12549},{11778},0
638632717,00000010820196070004,2019-01-1417:33:40.,{12549},{11778},0
638632718,00000021720156070009,2015-01-2815:07:11.,{12554},{11778},0
638632719,00000020520156070013,2015-01-2213:08:24.,{12550},{11778},0
638632721,00000023520156070003,2014-12-2316:36:57.,{272},{11778},0
638632726,00000014120156070006,2015-01-1916:35:22.,{241},{11778},0
638632727,00000022620156070006,2015-01-1916:35:16.,{12550},{11778},0
638632731,00000010220156070019,2015-01-1613:08:01.,{12553},{11778},0
638632732,00000019720186070018,2018-01-1714:03:02.,{12549},{11778},0
638632733,00000023820156070002,2015-03-1915:52:37.,{12549},{11778},0
638632734,00000024520196070019,2018-10-2416:49:27.,{272},{11472},0
638632736,00000038720156070013,2015-01-2213:09:01.,{12550},{11778},0
638632743,00000044220196070010,2019-02-0114:40:07.,{272},{11432},0
638632744,00000036320156070021,2015-02-0614:23:00.,{278},{11778},0
638632745,00000039820176070019,2017-02-0716:56:40.,{12549},{11778},0
638632746,00000036320196070008,2019-01-2216:38:44.,{12550},{11778},0
638632748,00000048720156070008,2015-01-1617:48:46.,{272},{11778},0
638632762,00000041120156070001,2015-01-3016:22:15.,{12551},{11778},0
638632766,00000038120156070015,2014-12-0216:39:15.,{1116},{11778},0
638632777,00000070420186070019,2018-02-0218:28:48.,{12562},{11778},0
638632787,00000077220166070019,2015-12-0914:27:29.,{11541},{11778},0
638632790,00000063520166070004,2016-02-0509:31:19.,{12549},{11778},0
638632793,00000092720156070003,2015-05-0414:51:41.,{11531},{11778},0
638632802,00000086320166070017,2016-06-1616:32:14.,{272},{11778},0
638632825,00000128720176070010,2015-07-0815:46:55.,{279},{11438},0
638632852,00000052220176070002,2017-02-1317:36:56.,{11531},{11778},0
638632855,00000168520166070002,2016-06-2316:40:44.,{11531},{11778},0
638632865,00000126620176070017,2016-05-3116:37:53.,{279},{11778},0
638632868,00000115320186070015,2018-03-0513:43:17.,{279},{11438},0
638633040,00000207620136070019,2013-06-1314:25:37.,{11541},{11778},0
638633058,00000103020166070018,2016-04-2015:03:40.,{12554},{11778},0
638633082,00000161220176070015,2014-01-3116:33:43.,{279},{11778},0
638633149,00000232720146070009,2014-06-1312:06:31.,{11528},{11778},0
638633370,00000438320176070018,2017-05-2917:06:48.,{12549},{11778},0
638633528,00000541520176070018,2017-09-1316:04:15.,{12549},{11778},0
638633639,00000334020156070008,2015-06-0818:00:03.,{11541},{11778},0
638633692,00000556520156070019,2015-06-0315:20:09.,{11541},{11778},0
638633693,00000521620156070018,2015-06-1118:40:53.,{11541},{11778},0
638634343,00001128620156070018,2015-06-1215:23:11.,{11541},{11778},0
638634417,06000138220196070000,2019-01-1600:00:00.,{241,11533},{11778},2018
638634419,00021064320146070000,2014-10-1513:17:15.,{11531},{11778},0
638634430,06000475720196070000,2019-02-0800:00:00.,{12553},{11778},0
638634431,06001319220186070000,2018-03-1600:00:00.,{12553},{11778},0
638634432,06002124120186070000,2018-05-0400:00:00.,{11548},{11778},0
638634433,06001197820186070000,2018-02-2700:00:00.,{221},{11778},0
638634443,06003308020196070000,2019-10-0400:00:00.,{12553},{11778},0
638634447,06001368020196070000,2019-04-1600:00:00.,{12553},{11778},0
638634448,06002453120186070000,2018-06-0500:00:00.,{12553},{11778},0
638634450,06002488320186070000,2018-06-0500:00:00.,{12559},{11778},0
638634471,06020103720186070000,2018-09-1200:00:00.,{11531},{11778},2018
638634502,06002248920176070000,2017-11-2300:00:00.,{12553},{11778},0
638634518,06022148120186070000,2018-09-1300:00:00.,{11531},{11778},2018
638634546,06022477120186070000,2018-09-1300:00:00.,{11531},{11778},2018
680402052,00000112320176070004,2017-03-2900:00:00.,{12549},{11778},0
680402053,00000242220176070004,2017-05-2300:00:00.,{12549},{11778},0
680402054,00000196320186070004,2018-05-1600:00:00.,{12549},{11778},0
680402055,00000057920186070004,2018-02-2000:00:00.,{12549},{11778},0
680402056,00000187820186070004,2018-05-1400:00:00.,{12549},{11778},0
680402057,00000233720176070004,2017-05-2200:00:00.,{12549},{11778},0
680402058,00000091920186070004,2018-04-1600:00:00.,{12549},{11778},0
680402059,00000120820176070004,2017-03-2900:00:00.,{12549},{11778},0
680402060,00000103820176070004,2017-03-2900:00:00.,{12549},{11778},0
680402061,00000049420186070004,2018-02-2000:00:00.,{12549},{11778},0
680402062,00000285920176070004,2017-06-0500:00:00.,{12549},{11778},0
680402063,00000086820176070004,2017-03-2100:00:00.,{12549},{11778},0
680402064,00000296120196070008,2019-05-1000:00:00.,{12549},{11778},0
680402065,00000294420176070004,2017-06-0500:00:00.,{12549},{11778},0
680402066,00000225220176070004,2017-05-2200:00:00.,{12549},{11778},0
680402070,00000346620176070004,2017-08-0900:00:00.,{12549},{11778},0
680402071,00000424320176070004,2017-12-0500:00:00.,{12549},{11778},0
680402072,06000161620246070015,2024-07-1109:58:06.,{12377},{11778},0
680402073,00000415820176070004,2017-10-2500:00:00.,{12549},{11778},0
680402074,06000102720246070009,2024-07-1109:48:07.,{12377},{11778},0
680402075,00000380620176070004,2017-08-3000:00:00.,{12549},{11778},0
680402076,06000265420246070017,2024-07-1109:57:04.,{12377},{11778},0
680402077,00000311420176070004,2017-06-1200:00:00.,{12549},{11778},0
680402078,06000126120246070020,2024-07-1109:53:02.,{12377},{11778},0
680402079,06000414120246070011,2024-07-3000:00:00.,{355},{11778},2024
680402080,06000110920246070010,2024-07-1109:51:07.,{12377},{11778},0
680402081,06000282120246070018,2024-07-1109:53:01.,{12377},{11778},0
680402082,06000164320246070006,2024-07-1109:49:54.,{12377},{11778},0
680402083,06000710920246070001,2024-07-0900:00:00.,{12560},{11778},0
680402084,06000232920246070008,2024-07-1109:51:04.,{12377},{11778},0
680402085,06000102420246070010,2024-07-0800:00:00.,{12560},{11778},0
680402086,06000113020246070003,2024-07-0400:00:00.,{332},{3533},2022
680402087,06000806820246070001,2024-07-1700:00:00.,{1727},{11778},0
680402088,06000199820246070005,2024-07-1109:48:02.,{12377},{11778},0
680402089,06000182520246070002,2024-07-1100:00:00.,{12560},{11778},0
680402090,06000147920246070004,2024-07-0500:00:00.,{12560},{11778},0
680402091,06000093920246070010,2024-07-2500:00:00.,{1304},{11778},0
680402092,06000111220246070009,2024-07-2500:00:00.,{355},{11778},0
680402093,06000125820246070021,2024-07-1109:56:04.,{12377},{11778},0
680402094,06000224420246070008,2024-07-0800:00:00.,{12560},{11778},0
680402095,06000178620246070019,2024-07-1700:00:00.,{1304},{11778},0
680402096,06000108820246070021,2024-07-1900:00:00.,{11542},{11778},0
680402097,06000327320246070013,2024-07-1100:00:00.,{279},{11778},2022
680402098,06000197120246070014,2024-07-2300:00:00.,{1304},{11778},0
680402099,06000366620226070018,2024-07-0112:36:48.,{14209},{11778},0
680402100,06000139720246070003,2024-07-1110:01:11.,{12377},{11778},0
680402101,06000156420246070004,2024-07-1109:49:03.,{12377},{11778},0
680402102,06000121520246070003,2024-07-0800:00:00.,{12560},{11778},0
680402103,06000151920246070019,2024-07-0900:00:00.,{12560},{11778},0
680402104,06000117320246070021,2024-07-0900:00:00.,{12560},{11778},0
680402105,06000351620246070017,2024-07-2200:00:00.,{12552},{11778},0
680402106,06000248120246070018,2024-07-1000:00:00.,{1304},{11778},0
680402107,06000129420246070009,2024-07-2700:00:00.,{12554},{11778},2024
680402108,06000353420246070011,2024-07-0500:00:00.,{12560},{11778},0
680402109,06000370420246070011,2024-07-1109:52:00.,{12377},{11778},0
680402110,06000405620246070011,2024-07-2910:42:23.,{11528},{3628},0
680402111,06000208320246070005,2024-07-1100:00:00.,{12560},{11778},0
680402112,06000117620246070020,2024-07-0500:00:00.,{12560},{11778},0
680402113,06000369820246070017,2024-07-2200:00:00.,{12552},{11778},0
680402114,06000282420246070017,2024-07-1800:00:00.,{12552},{11778},0
680402115,06000165520246070002,2024-07-1109:47:53.,{12377},{11778},0
680402116,06000147320246070006,2024-07-0100:00:00.,{355},{11778},0
680402117,06000300620246070013,2024-07-0500:00:00.,{12560},{11778},0
680402118,06000361920246070011,2024-07-1109:51:03.,{12377},{11778},0
680402119,06000164920246070004,2024-07-1500:00:00.,{279},{11778},0
680402120,06000160420246070019,2024-07-1109:54:03.,{12377},{11778},0
680402121,06000290920246070017,2024-07-1800:00:00.,{12552},{11778},0
680402122,06000138820246070006,2024-07-1900:00:00.,{1304},{11778},0
680402123,06000174020246070002,2024-07-1109:52:06.,{12377},{11778},0
680402124,06000273620246070018,2024-07-1109:47:51.,{12377},{11778},0
680402125,06000273920246070017,2024-07-1800:00:00.,{12552},{11778},0
680402126,06000155820246070006,2024-07-0800:00:00.,{12560},{11778},0
680402127,06000309120246070017,2024-07-1800:00:00.,{12552},{11778},0
680402128,06000266620246070013,2024-07-1500:00:00.,{1304},{11778},0
680402129,06000265120246070018,2024-07-0500:00:00.,{12560},{11778},0
680402131,06000290620246070018,2024-07-1900:00:00.,{355},{11778},0
680402132,06000388620246070011,2024-07-1111:56:39.,{11528},{3628},0
680402137,06000318820246070013,2024-07-1110:13:14.,{12377},{11778},0
680402140,06000256620246070018,2024-07-0400:00:00.,{12248},{11778},0
680402151,06000737620246070001,2024-07-1109:46:55.,{12377},{11778},0
680402152,06000859020246070001,2024-07-2311:22:27.,{329},{3568,3628},0
680402154,06000867520246070001,2024-07-2300:00:00.,{261},{11778},2024
680402155,06000685420246070001,2024-07-0100:00:00.,{335},{11778},2018
680402159,06000798320246070001,2024-07-1700:00:00.,{1727},{11778},0
680402161,06001716420246070000,2024-07-0311:51:07.,{14208},{11778},2024
680402167,06001829320246070000,2024-07-3100:00:00.,{261},{11778},2022
680402168,06002723520236070001,2024-07-0815:12:10.,{14209},{11778},0
680402172,06000840820246070001,2024-07-2218:43:01.,{307},{11778},0
680402173,06130223320246000000,2024-07-1900:00:00.,{12552},{11778},0
680402174,06001777120246070000,2024-07-2314:10:13.,{14208},{11778},2024
680402183,06001707920246070000,2024-07-0300:00:00.,{261},{11778},0
680402192,06128880620246000000,2024-07-1900:00:00.,{12552},{11778},0
680402202,06000378320246070017,2024-07-2200:00:00.,{12552},{11778},0
680402203,06001811120246070000,2024-07-2400:00:00.,{11539},{11778},0
680402205,06001837820246070000,2024-07-3100:00:00.,{261},{11778},0
680402209,06001672720246070000,2024-07-0206:49:55.,{12377},{11778},0
680402211,06128932820246000000,2024-07-1900:00:00.,{12552},{11778},0
680402217,06129002020246000000,2024-07-1900:00:00.,{12552},{11778},0
680402220,06129496120246000000,2024-07-1900:00:00.,{12552},{11778},0
681623393,06000484220196070000,2019-02-1100:00:00.,{12552},{11778},0
681623395,06000423520196070000,2019-02-0700:00:00.,{12552},{11778},0
681623396,06000215920196070000,2019-01-2500:00:00.,{12552},{11778},0
681623397,06000103020196070000,2019-01-1100:00:00.,{12559},{11778},2018
681623398,06000357720186070000,2018-01-1100:00:00.,{12559},{11778},2014
681623399,06000123420186070000,2018-01-0900:00:00.,{12559},{11778},2014
681623401,00000682120156070001,2015-06-0515:20:21.,{11541},{11428},0
681623402,06000544920196070000,2019-02-1300:00:00.,{12559},{11778},2018
681623403,06000010520186070000,2018-01-0800:00:00.,{12559},{11778},2014
681623406,06000224420196070000,2019-01-2500:00:00.,{12552},{11778},0
681623408,06000129720196070000,2019-01-1500:00:00.,{12559},{11778},2018
681623409,06000302120196070000,2019-01-3100:00:00.,{12559},{11778},2018
681623411,06000519420196070000,2019-02-1100:00:00.,{12552},{11778},0
681623412,06000163720196070000,2019-01-1800:00:00.,{12552},{11778},0
681623416,06000902820186070000,2018-01-2500:00:00.,{12559},{11778},0
681623418,06000972020186070000,2018-01-2500:00:00.,{12559},{11778},2014
681623419,06000885820186070000,2018-01-2400:00:00.,{12559},{11778},2014
681623420,06000980520186070000,2018-01-2500:00:00.,{12559},{11778},2014
681623421,06000998720186070000,2018-01-2500:00:00.,{12559},{11778},0
681623422,06000850620186070000,2018-01-2400:00:00.,{12559},{11778},2014
681623424,06000938020186070000,2018-01-2500:00:00.,{12559},{11778},0
681623425,06001007220186070000,2018-01-2500:00:00.,{12559},{11778},0
681623426,06001015720186070000,2018-01-2500:00:00.,{12559},{11778},0
681623427,06000911320186070000,2018-01-2500:00:00.,{12559},{11778},2014
681623428,06000825120186070000,2018-01-2300:00:00.,{12552},{11778},0
681623430,06001024220186070000,2018-01-2500:00:00.,{12559},{11778},0
681623431,06000877320186070000,2018-01-2400:00:00.,{12559},{11778},2014
681623432,06000963520186070000,2018-01-2500:00:00.,{12559},{11778},0
681623433,06000842120186070000,2018-01-2400:00:00.,{12559},{11778},2014
681623437,06001032720186070000,2018-01-2500:00:00.,{12559},{11778},0
681623439,06001041220186070000,2018-01-2500:00:00.,{12559},{11778},0
681623442,06001093420186070000,2018-01-2600:00:00.,{12552},{11778},0
681623451,06001059420186070000,2018-01-2500:00:00.,{12559},{11778},0
681623453,06001344720186070000,2018-03-1600:00:00.,{12552},{11778},0
681623455,06001137120186070000,2018-02-1400:00:00.,{12552},{11778},0
681623464,06001405420186070000,2018-03-2600:00:00.,{12559},{11778},2014
681623471,06001838820186070000,2018-04-2700:00:00.,{12552},{11778},0
684079546,00000239820136070999,2013-04-2418:24:09.,{12549},{11778},0
